Peak CCU,Price (USD),Review Ratio,Web Exposure,,Price (USD),Peak CCU,,,Review Ratio,Peak CCU,,,Web Exposure,Peak CCU,,,,Peak CCU
,,,,,,,,,,,,,,,,,,
2049,49.99,4.277429467084639,8.905660377,,49.99,2049,,,4.277429467,2049,,,8.905660377,2049,,,,2049
,,,,,,,,,,,,,,,,,,
108,2.03,4.554692355500311,25.455938697318008,,2.03,108,,,4.554692356,108,,,25.4559387,108,,,,108
,,,,,,,,,,,,,,,,,,
389,29.99,7.188953488372093,9.900383141762452,,29.99,389,,,7.188953488,389,,,9.900383142,389,,,,389
,,,,,,,,,,,,,,,,,,
214,29.99,4.335652173913044,5.410256410256411,,29.99,214,,,4.335652174,214,,,5.41025641,214,,,,214
,,,,,,,,,,,,,,,,,,
1070,0,1.2535039943892257,0.3831417624521073,,0,1070,,,1.253503994,1070,,,0.383141762,1070,,,,1070
,,,,,,,,,,,,,,,,,,
702,39.99,5.517695473251028,14.528735632183908,,39.99,702,,,5.517695473,702,,,14.53,702,,,,702
,,,,,,,,,,,,,,,,,,
545,24.99,9.250562640660165,16.53174603174603,,24.99,545,,,9.250562641,545,,,16.53174603,545,,,,545
,,,,,,,,,,,,,,,,,,
135,2.99,25.45098039215686,0.5291005291005291,,2.99,135,,,25.45098039,135,,,0.529100529,135,,,,135
,,,,,,,,,,,,,,,,,,
117,39.99,4.969459347915807,4.590038314176245,,39.99,117,,,4.969459348,117,,,4.590038314,117,,,,117
,,,,,,,,,,,,,,,,,,
1521,0,1.6796338672768878,0.7777777777777778,,0,1521,,,1.679633867,1521,,,0.777777778,1521,,,,1521
,,,,,,,,,,,,,,,,,,
112,14.99,2.950261780104712,0.7164750957854407,,14.99,112,,,2.95026178,112,,,0.716475096,112,,,,112
,,,,,,,,,,,,,,,,,,
1929,49.99,4.455976863753214,5.697318007662835,,49.99,1929,,,4.455976864,1929,,,5.697318008,1929,,,,1929
,,,,,,,,,,,,,,,,,,
173,29.99,10.488372093023257,0.375,,29.99,173,,,10.48837209,173,,,0.38,173,,,,173
,,,,,,,,,,,,,,,,,,
494,19.99,2.9970561177552897,10.187739463601533,,19.99,494,,,2.997056118,494,,,10.18773946,494,,,,494
,,,,,,,,,,,,,,,,,,
814,29.99,7.307349665924276,1.9666666666666666,,29.99,814,,,7.307349666,814,,,1.966666667,814,,,,814
,,,,,,,,,,,,,,,,,,
111,29.99,15.153153153153154,3.9386973180076628,,29.99,111,,,15.15315315,111,,,3.938697318,111,,,,111
,,,,,,,,,,,,,,,,,,
334,19.99,3.9964838255977497,4.912087912087912,,19.99,334,,,3.996483826,334,,,4.912087912,334,,,,334
,,,,,,,,,,,,,,,,,,
718,59.99,1.281413612565445,1.6666666666666667,,59.99,718,,,1.281413613,718,,,1.666666667,718,,,,718
,,,,,,,,,,,,,,,,,,
1305,4.99,2.3859510655090768,0.9014778325123153,,4.99,1305,,,2.385951066,1305,,,0.901477833,1305,,,,1305
,,,,,,,,,,,,,,,,,,
364,0,2.076107535024612,0.1956521739130435,,0,364,,,2.076107535,364,,,0.195652174,364,,,,364
,,,,,,,,,,,,,,,,,,
465,0.99,4.5,1.7543859649122806,,0.99,465,,,4.5,465,,,1.754385965,465,,,,465
,,,,,,,,,,,,,,,,,,
233,0,18.287539936102238,20.78927203065134,,0,233,,,18.28753994,233,,,20.78927203,233,,,,233
,,,,,,,,,,,,,,,,,,
703,19.99,17.43169398907104,1.140625,,19.99,703,,,17.43169399,703,,,1.14,703,,,,703
,,,,,,,,,,,,,,,,,,
362,49.99,5.347363083,2.3793103448275863,,49.99,362,,,5.347363083,362,,,2.379310345,362,,,,362
,,,,,,,,,,,,,,,,,,
343,14.99,11.175117004680187,16.521072796934867,,14.99,343,,,11.175117,343,,,16.5210728,343,,,,343
,,,,,,,,,,,,,,,,,,
111,24.99,16.05235602094241,1.3524904214559388,,24.99,111,,,16.05235602,111,,,1.352490421,111,,,,111
,,,,,,,,,,,,,,,,,,
129,59.99,4.024774774774775,4.954022988505747,,59.99,129,,,4.024774775,129,,,4.954022989,129,,,,129
,,,,,,,,,,,,,,,,,,
113,4.99,7.982142857142857,2.099616858237548,,4.99,113,,,7.982142857,113,,,2.099616858,113,,,,113
,,,,,,,,,,,,,,,,,,
349,14.99,3.2493015258972706,4.085106382978723,,14.99,349,,,3.249301526,349,,,4.085106383,349,,,,349
,,,,,,,,,,,,,,,,,,
977,29.99,28.551049280829993,7.7203065134099615,,29.99,977,,,28.55104928,977,,,7.720306513,977,,,,977
,,,,,,,,,,,,,,,,,,
128,5.99,4.521126761,0.45217391304347826,,5.99,128,,,4.521126761,128,,,0.452173913,128,,,,128
,,,,,,,,,,,,,,,,,,
295,0,17.292857142857144,0.5094339622641509,,0,295,,,17.29285714,295,,,0.509433962,295,,,,295
,,,,,,,,,,,,,,,,,,
217,4.99,5.7105263157894735,2.7804878048780486,,4.99,217,,,5.710526316,217,,,2.780487805,217,,,,217
,,,,,,,,,,,,,,,,,,
141,4.99,2.581818181818182,0.3831417624521073,,4.99,141,,,2.581818182,141,,,0.383141762,141,,,,141
,,,,,,,,,,,,,,,,,,
433,59.99,23.299287410926365,2.3125,,59.99,433,,,23.29928741,433,,,2.31,433,,,,433
,,,,,,,,,,,,,,,,,,
508,14.99,14.17407878017789,13.682926829268293,,14.99,508,,,14.17407878,508,,,13.68292683,508,,,,508
,,,,,,,,,,,,,,,,,,
123,10.99,8.753731343283581,4.08,,10.99,123,,,8.753731343,123,,,4.08,123,,,,123
,,,,,,,,,,,,,,,,,,
108,39.99,3.6887966804979255,0.3831417624521073,,39.99,108,,,3.68879668,108,,,0.383141762,108,,,,108
,,,,,,,,,,,,,,,,,,
135,39.99,12.007843137254902,0,,39.99,135,,,12.00784314,135,,,0.00,135,,,,135
,,,,,,,,,,,,,,,,,,
116,9.99,22.01197604790419,1.6825396825396826,,9.99,116,,,22.01197605,116,,,1.682539683,116,,,,116
,,,,,,,,,,,,,,,,,,
530,12.49,27.342146189735615,0.9841269841269841,,12.49,530,,,27.34214619,530,,,0.984126984,530,,,,530
,,,,,,,,,,,,,,,,,,
126,19.99,6.566371681415929,2.8314176245210727,,19.99,126,,,6.566371681,126,,,2.831417625,126,,,,126
,,,,,,,,,,,,,,,,,,
562,19.99,11.84070796460177,4.789272030651341,,19.99,562,,,11.84070796,562,,,4.789272031,562,,,,562
,,,,,,,,,,,,,,,,,,
560,0,7.0537240537240535,25.049808429118773,,0,560,,,7.053724054,560,,,25.04980843,560,,,,560
,,,,,,,,,,,,,,,,,,
428,19.99,8.871903323,7.884615384615385,,19.99,428,,,8.871903323,428,,,7.884615385,428,,,,428
,,,,,,,,,,,,,,,,,,
161,0,1.8681318681318682,0.49504950495049505,,0,161,,,1.868131868,161,,,0.495049505,161,,,,161
,,,,,,,,,,,,,,,,,,
967,19.99,2.267656545434323,0,,19.99,967,,,2.267656545,967,,,0.00,967,,,,967
,,,,,,,,,,,,,,,,,,
102,49.99,8.243781094527364,8.809782608695652,,49.99,102,,,8.243781095,102,,,8.809782609,102,,,,102
,,,,,,,,,,,,,,,,,,
133,9.99,25.25402504472272,0.6363636363636364,,9.99,133,,,25.25402504,133,,,0.636363636,133,,,,133
,,,,,,,,,,,,,,,,,,
1112,39.99,1.7090459287942348,15.725118483412322,,39.99,1112,,,1.709045929,1112,,,15.72511848,1112,,,,1112
,,,,,,,,,,,,,,,,,,
303,39.99,7.268614515,1.2183908045977012,,39.99,303,,,7.268614515,303,,,1.218390805,303,,,,303
,,,,,,,,,,,,,,,,,,
108,19.99,3.9026548672566372,4.111111111111111,,19.99,108,,,3.902654867,108,,,4.111111111,108,,,,108
,,,,,,,,,,,,,,,,,,
152,7.99,14.304666056724612,14.39463601532567,,7.99,152,,,14.30466606,152,,,14.39463602,152,,,,152
,,,,,,,,,,,,,,,,,,
1647,0,4.641386175573944,3.6206896551724137,,0,1647,,,4.641386176,1647,,,3.620689655,1647,,,,1647
,,,,,,,,,,,,,,,,,,
134,24.99,2.7140077821011674,3.8461538461538463,,24.99,134,,,2.714007782,134,,,3.846153846,134,,,,134
,,,,,,,,,,,,,,,,,,
122,19.99,13.056,0.7088122605363985,,19.99,122,,,13.056,122,,,0.708812261,122,,,,122
,,,,,,,,,,,,,,,,,,
118,39.99,5.644376899696049,1.0383141762452108,,39.99,118,,,5.6443769,118,,,1.038314176,118,,,,118
,,,,,,,,,,,,,,,,,,
968,24.99,9.092460881934565,0.7586206896551724,,24.99,968,,,9.092460882,968,,,0.75862069,968,,,,968
,,,,,,,,,,,,,,,,,,
170,19.79,5.1874213836477985,4.923371647509579,,19.79,170,,,5.187421384,170,,,4.923371648,170,,,,170
,,,,,,,,,,,,,,,,,,
651,24.99,21.04950495049505,9.485507246376812,,24.99,651,,,21.04950495,651,,,9.485507246,651,,,,651
,,,,,,,,,,,,,,,,,,
208,5.99,3.4766260162601625,0.48148148148148145,,5.99,208,,,3.476626016,208,,,0.481481481,208,,,,208
,,,,,,,,,,,,,,,,,,
161,24.99,13.76923076923077,2.1379310344827585,,24.99,161,,,13.76923077,161,,,2.137931034,161,,,,161
,,,,,,,,,,,,,,,,,,
228,0,1.4168356997971603,7.073529411764706,,0,228,,,1.4168357,228,,,7.073529412,228,,,,228
,,,,,,,,,,,,,,,,,,
446,59.99,5.199266503667482,2.078602620087336,,59.99,446,,,5.199266504,446,,,2.07860262,446,,,,446
,,,,,,,,,,,,,,,,,,
1472,24.99,10.310462287104622,2.2337662337662336,,24.99,1472,,,10.31046229,1472,,,2.233766234,1472,,,,1472
,,,,,,,,,,,,,,,,,,
136,9.99,8.807106598984772,0.2692307692307692,,9.99,136,,,8.807106599,136,,,0.269230769,136,,,,136
,,,,,,,,,,,,,,,,,,
133,4.99,10.03448275862069,1.1773399014778325,,4.99,133,,,10.03448276,133,,,1.177339901,133,,,,133
,,,,,,,,,,,,,,,,,,
235,39.99,15.64765100671141,0.5769230769230769,,39.99,235,,,15.64765101,235,,,0.576923077,235,,,,235
,,,,,,,,,,,,,,,,,,
1370,39.99,8.033474685170907,3.1646341463414633,,39.99,1370,,,8.033474685,1370,,,3.164634146,1370,,,,1370
,,,,,,,,,,,,,,,,,,
1352,24.99,9.041112455,6.5,,24.99,1352,,,9.041112455,1352,,,6.50,1352,,,,1352
,,,,,,,,,,,,,,,,,,
187,29.99,8.618729096989966,26.911877394636015,,29.99,187,,,8.618729097,187,,,26.91187739,187,,,,187
,,,,,,,,,,,,,,,,,,
272,14.99,5.51375,24.41269841269841,,14.99,272,,,5.51375,272,,,24.41269841,272,,,,272
,,,,,,,,,,,,,,,,,,
268,39.99,3.0914285714285716,2.3333333333333335,,39.99,268,,,3.091428571,268,,,2.333333333,268,,,,268
,,,,,,,,,,,,,,,,,,
332,19.99,21.067423704755146,0.42911877394636017,,19.99,332,,,21.0674237,332,,,0.429118774,332,,,,332
,,,,,,,,,,,,,,,,,,
256,14.99,15.44536271808999,22.057471264367816,,14.99,256,,,15.44536272,256,,,22.05747126,256,,,,256
,,,,,,,,,,,,,,,,,,
1063,9.99,3.945015105740181,8.277372262773723,,9.99,1063,,,3.945015106,1063,,,8.277372263,1063,,,,1063
,,,,,,,,,,,,,,,,,,
245,4.99,18.756756756756758,1.3448275862068966,,4.99,245,,,18.75675676,245,,,1.344827586,245,,,,245
,,,,,,,,,,,,,,,,,,
1369,0,13.530451866404714,2.2203389830508473,,0,1369,,,13.53045187,1369,,,2.220338983,1369,,,,1369
,,,,,,,,,,,,,,,,,,
2143,19.99,14.14738646101114,2.789272030651341,,19.99,2143,,,14.14738646,2143,,,2.789272031,2143,,,,2143
,,,,,,,,,,,,,,,,,,
303,49.99,10.638539042821158,0.8571428571428571,,49.99,303,,,10.63853904,303,,,0.857142857,303,,,,303
,,,,,,,,,,,,,,,,,,
109,3.99,2.5155642023346303,0.8773946360153256,,3.99,109,,,2.515564202,109,,,0.877394636,109,,,,109
,,,,,,,,,,,,,,,,,,
1139,0,2.4022485946283574,1.4700854700854702,,0,1139,,,2.402248595,1139,,,1.47008547,1139,,,,1139
,,,,,,,,,,,,,,,,,,
216,0,4.414253897550111,0.6535947712418301,,0,216,,,4.414253898,216,,,0.653594771,216,,,,216
,,,,,,,,,,,,,,,,,,
380,24.99,28.07547169811321,2.9157088122605366,,24.99,380,,,28.0754717,380,,,2.915708812,380,,,,380
,,,,,,,,,,,,,,,,,,
115,19.99,5.352941176470588,0.3153846153846154,,19.99,115,,,5.352941176,115,,,0.315384615,115,,,,115
,,,,,,,,,,,,,,,,,,
1159,0,9.426229508196721,8.988505747126437,,0,1159,,,9.426229508,1159,,,8.988505747,1159,,,,1159
,,,,,,,,,,,,,,,,,,
225,17.99,6.261437908496732,0.735632184,,17.99,225,,,6.261437908,225,,,0.74,225,,,,225
,,,,,,,,,,,,,,,,,,
776,24.99,15.425339366515837,2.0539419087136928,,24.99,776,,,15.42533937,776,,,2.053941909,776,,,,776
,,,,,,,,,,,,,,,,,,
1391,0,4.348908678974405,4.666666666666667,,0,1391,,,4.348908679,1391,,,4.666666667,1391,,,,1391
,,,,,,,,,,,,,,,,,,
353,59.99,19.476377952755904,12.118773946360154,,59.99,353,,,19.47637795,353,,,12.11877395,353,,,,353
,,,,,,,,,,,,,,,,,,
630,19.99,7.034120734908137,6.862068965517241,,19.99,630,,,7.034120735,630,,,6.862068966,630,,,,630
,,,,,,,,,,,,,,,,,,
316,59.99,7.436335403726708,1.7739463601532568,,59.99,316,,,7.436335404,316,,,1.77394636,316,,,,316
,,,,,,,,,,,,,,,,,,
194,0,2.6948783371709504,2,,0,194,,,2.694878337,194,,,2.00,194,,,,194
,,,,,,,,,,,,,,,,,,
1166,9.99,9.378266850068776,1.684873949579832,,9.99,1166,,,9.37826685,1166,,,1.68487395,1166,,,,1166
,,,,,,,,,,,,,,,,,,
250,8.99,4.394160583941606,0.421455939,,8.99,250,,,4.394160584,250,,,0.42,250,,,,250
,,,,,,,,,,,,,,,,,,
987,0,17.318021201413426,2.3461538461538463,,0,987,,,17.3180212,987,,,2.346153846,987,,,,987
,,,,,,,,,,,,,,,,,,
1363,19.99,3.433558111860373,4.346938775510204,,19.99,1363,,,3.433558112,1363,,,4.346938776,1363,,,,1363
,,,,,,,,,,,,,,,,,,
109,24.99,4.535059331175836,0.6818181818181818,,24.99,109,,,4.535059331,109,,,0.681818182,109,,,,109
,,,,,,,,,,,,,,,,,,
112,29.99,8.386117136659436,10.482758620689655,,29.99,112,,,8.386117137,112,,,10.48275862,112,,,,112
,,,,,,,,,,,,,,,,,,
2192,59.99,1.9931446747833717,5.532934131736527,,59.99,2192,,,1.993144675,2192,,,5.532934132,2192,,,,2192
,,,,,,,,,,,,,,,,,,
466,0,3.7653846153846153,4,,0,466,,,3.765384615,466,,,4.00,466,,,,466
,,,,,,,,,,,,,,,,,,
384,9.99,7.870860927152318,2.8316326530612246,,9.99,384,,,7.870860927,384,,,2.831632653,384,,,,384
,,,,,,,,,,,,,,,,,,
993,1.49,16.723158242484306,11.00943396226415,,1.49,993,,,16.72315824,993,,,11.00943396,993,,,,993
,,,,,,,,,,,,,,,,,,
302,7.49,17.845371312309258,16.71969696969697,,7.49,302,,,17.84537131,302,,,16.71969697,302,,,,302
,,,,,,,,,,,,,,,,,,
327,12.74,13.571428571428571,0.3831417624521073,,12.74,327,,,13.57142857,327,,,0.383141762,327,,,,327
,,,,,,,,,,,,,,,,,,
1100,29.99,20.32462057335582,12,,29.99,1100,,,20.32462057,1100,,,12.00,1100,,,,1100
,,,,,,,,,,,,,,,,,,
106,34.99,3.0498812351543942,4.785440613,,34.99,106,,,3.049881235,106,,,4.79,106,,,,106
,,,,,,,,,,,,,,,,,,
133,5.84,7.973282442748092,0.7126436781609196,,5.84,133,,,7.973282443,133,,,0.712643678,133,,,,133
,,,,,,,,,,,,,,,,,,
407,0,9.606544293695132,16.17924528301887,,0,407,,,9.606544294,407,,,16.17924528,407,,,,407
,,,,,,,,,,,,,,,,,,
232,39.99,13.217070600632244,19.36398467,,39.99,232,,,13.2170706,232,,,19.36,232,,,,232
,,,,,,,,,,,,,,,,,,
2150,0,2.096244131455399,0.3946360153256705,,0,2150,,,2.096244131,2150,,,0.394636015,2150,,,,2150
,,,,,,,,,,,,,,,,,,
142,14.99,5.569259962049336,0.7857142857142857,,14.99,142,,,5.569259962,142,,,0.785714286,142,,,,142
,,,,,,,,,,,,,,,,,,
203,19.99,4.006060606060606,4.555555555555555,,19.99,203,,,4.006060606,203,,,4.555555556,203,,,,203
,,,,,,,,,,,,,,,,,,
340,49.99,12.603960396039604,1.2988505747126438,,49.99,340,,,12.6039604,340,,,1.298850575,340,,,,340
,,,,,,,,,,,,,,,,,,
148,19.99,4.8467683369644154,2.3377777777777777,,19.99,148,,,4.846768337,148,,,2.337777778,148,,,,148
,,,,,,,,,,,,,,,,,,
349,0,1.4268855823499231,0.3831417624521073,,0,349,,,1.426885582,349,,,0.383141762,349,,,,349
,,,,,,,,,,,,,,,,,,
110,39.99,8.086956522,0.6797385620915033,,39.99,110,,,8.086956522,110,,,0.679738562,110,,,,110
,,,,,,,,,,,,,,,,,,
144,59.99,4.114676173499703,11.609929078014185,,59.99,144,,,4.114676173,144,,,11.60992908,144,,,,144
,,,,,,,,,,,,,,,,,,
156,19.99,17.410112359550563,2,,19.99,156,,,17.41011236,156,,,2.00,156,,,,156
,,,,,,,,,,,,,,,,,,
1569,0,6.067588325652841,0.6628352490421456,,0,1569,,,6.067588326,1569,,,0.662835249,1569,,,,1569
,,,,,,,,,,,,,,,,,,
140,34.99,5.788321167883212,14.582375478927203,,34.99,140,,,5.788321168,140,,,14.58237548,140,,,,140
,,,,,,,,,,,,,,,,,,
150,0,1.6784577290413867,1.260536398467433,,0,150,,,1.678457729,150,,,1.260536398,150,,,,150
,,,,,,,,,,,,,,,,,,
383,22.99,2.6189591078066914,2.5642857142857145,,22.99,383,,,2.618959108,383,,,2.564285714,383,,,,383
,,,,,,,,,,,,,,,,,,
107,24.99,13.807909604519773,0.11428571428571428,,24.99,107,,,13.8079096,107,,,0.114285714,107,,,,107
,,,,,,,,,,,,,,,,,,
102,24.99,14.517441860465116,14.932432432432432,,24.99,102,,,14.51744186,102,,,14.93243243,102,,,,102
,,,,,,,,,,,,,,,,,,
1748,49.99,7.414642762518767,2.6130268199233715,,49.99,1748,,,7.414642763,1748,,,2.61302682,1748,,,,1748
,,,,,,,,,,,,,,,,,,
172,2.99,28.512755102040817,0.39846743295019155,,2.99,172,,,28.5127551,172,,,0.398467433,172,,,,172
,,,,,,,,,,,,,,,,,,
992,0,4.371404158359442,3.707070707070707,,0,992,,,4.371404158,992,,,3.707070707,992,,,,992
,,,,,,,,,,,,,,,,,,
1263,19.99,9.963096309630963,21.55426356589147,,19.99,1263,,,9.96309631,1263,,,21.55426357,1263,,,,1263
,,,,,,,,,,,,,,,,,,
809,39.99,2.485203574975174,0.8620689655172413,,39.99,809,,,2.485203575,809,,,0.862068966,809,,,,809
,,,,,,,,,,,,,,,,,,
406,0,0.8211143695014663,0.5357142857142857,,0,406,,,0.82111437,406,,,0.535714286,406,,,,406
,,,,,,,,,,,,,,,,,,
552,39.99,2.7032919434016747,3.8,,39.99,552,,,2.703291943,552,,,3.80,552,,,,552
,,,,,,,,,,,,,,,,,,
530,9.99,10.914539400665927,15.386973180076629,,9.99,530,,,10.9145394,530,,,15.38697318,530,,,,530
,,,,,,,,,,,,,,,,,,
148,3.99,4.076923076923077,0,,3.99,148,,,4.076923077,148,,,0.00,148,,,,148
,,,,,,,,,,,,,,,,,,
246,4.99,9.555256064690028,1,,4.99,246,,,9.555256065,246,,,1.00,246,,,,246
,,,,,,,,,,,,,,,,,,
241,59.99,0.9541666666666667,1.32,,59.99,241,,,0.954166667,241,,,1.32,241,,,,241
,,,,,,,,,,,,,,,,,,
215,14.99,24.846153846153847,1.064,,14.99,215,,,24.84615385,215,,,1.06,215,,,,215
,,,,,,,,,,,,,,,,,,
266,49.99,3.01375,4.176245210727969,,49.99,266,,,3.01375,266,,,4.176245211,266,,,,266
,,,,,,,,,,,,,,,,,,
104,21.99,4.052159739201304,0.8138528138528138,,21.99,104,,,4.052159739,104,,,0.813852814,104,,,,104
,,,,,,,,,,,,,,,,,,
410,1.49,17.427440633245382,10.0625,,1.49,410,,,17.42744063,410,,,10.06,410,,,,410
,,,,,,,,,,,,,,,,,,
262,5.99,5.4978614200171085,3.606299212598425,,5.99,262,,,5.49786142,262,,,3.606299213,262,,,,262
,,,,,,,,,,,,,,,,,,
109,0,4.627659574468085,8.333333333333334,,0,109,,,4.627659574,109,,,8.333333333,109,,,,109
,,,,,,,,,,,,,,,,,,
222,19.99,14.454237288135593,1.8100558659217878,,19.99,222,,,14.45423729,222,,,1.810055866,222,,,,222
,,,,,,,,,,,,,,,,,,
202,0,6.23225241,0.11428571428571428,,0,202,,,6.23225241,202,,,0.114285714,202,,,,202
,,,,,,,,,,,,,,,,,,
130,49.99,5.851211073,3,,49.99,130,,,5.851211073,130,,,3.00,130,,,,130
,,,,,,,,,,,,,,,,,,
207,19.99,9.808219178082192,0.8122605363984674,,19.99,207,,,9.808219178,207,,,0.812260536,207,,,,207
,,,,,,,,,,,,,,,,,,
172,9.99,2.8509249183895538,3.103448275862069,,9.99,172,,,2.850924918,172,,,3.103448276,172,,,,172
,,,,,,,,,,,,,,,,,,
266,34.99,5.768025078369906,0.3831417624521073,,34.99,266,,,5.768025078,266,,,0.383141762,266,,,,266
,,,,,,,,,,,,,,,,,,
137,22.99,7.487288135593221,2.5492957746478875,,22.99,137,,,7.487288136,137,,,2.549295775,137,,,,137
,,,,,,,,,,,,,,,,,,
1558,23.99,5.249825052484255,12.921052631578947,,23.99,1558,,,5.249825052,1558,,,12.92105263,1558,,,,1558
,,,,,,,,,,,,,,,,,,
104,0,3.7176470588235295,5.636363636363637,,0,104,,,3.717647059,104,,,5.636363636,104,,,,104
,,,,,,,,,,,,,,,,,,
659,19.99,20.66973638770577,11.714285714285714,,19.99,659,,,20.66973639,659,,,11.71428571,659,,,,659
,,,,,,,,,,,,,,,,,,
177,59.99,1.4161755075311067,4.087378640776699,,59.99,177,,,1.416175508,177,,,4.087378641,177,,,,177
,,,,,,,,,,,,,,,,,,
170,0,5.437628921941157,6.727969348659004,,0,170,,,5.437628922,170,,,6.727969349,170,,,,170
,,,,,,,,,,,,,,,,,,
103,0,11.75564681724846,1.0689655172413792,,0,103,,,11.75564682,103,,,1.068965517,103,,,,103
,,,,,,,,,,,,,,,,,,
356,13.99,8.391726251276813,1,,13.99,356,,,8.391726251,356,,,1.00,356,,,,356
,,,,,,,,,,,,,,,,,,
493,0.49,2.2535211267605635,0.3533834586466165,,0.49,493,,,2.253521127,493,,,0.353383459,493,,,,493
,,,,,,,,,,,,,,,,,,
484,24.99,2.3964620187304893,0.41379310344827586,,24.99,484,,,2.396462019,484,,,0.413793103,484,,,,484
,,,,,,,,,,,,,,,,,,
277,19.99,26.11185682326622,0,,19.99,277,,,26.11185682,277,,,0.00,277,,,,277
,,,,,,,,,,,,,,,,,,
904,0,1.933743492664458,0.3831417624521073,,0,904,,,1.933743493,904,,,0.383141762,904,,,,904
,,,,,,,,,,,,,,,,,,
654,29.99,12.831922611850061,2.730538922155689,,29.99,654,,,12.83192261,654,,,2.730538922,654,,,,654
,,,,,,,,,,,,,,,,,,
1203,39.99,14.09622107541202,0.7164750957854407,,39.99,1203,,,14.09622108,1203,,,0.716475096,1203,,,,1203
,,,,,,,,,,,,,,,,,,
165,39.99,3.4615384615384617,5.980842911877395,,39.99,165,,,3.461538462,165,,,5.980842912,165,,,,165
,,,,,,,,,,,,,,,,,,
314,29.99,5.570247933884297,2.380952380952381,,29.99,314,,,5.570247934,314,,,2.380952381,314,,,,314
,,,,,,,,,,,,,,,,,,
123,19.99,6.117647058823529,0.685823755,,19.99,123,,,6.117647059,123,,,0.69,123,,,,123
,,,,,,,,,,,,,,,,,,
328,0,18.77059925093633,1.103448275862069,,0,328,,,18.77059925,328,,,1.103448276,328,,,,328
,,,,,,,,,,,,,,,,,,
209,0,2.128329297820823,0.3831417624521073,,0,209,,,2.128329298,209,,,0.383141762,209,,,,209
,,,,,,,,,,,,,,,,,,
1097,0,11.950086058519794,1.7083333333333333,,0,1097,,,11.95008606,1097,,,1.708333333,1097,,,,1097
,,,,,,,,,,,,,,,,,,
101,0,5.970954356846473,0,,0,101,,,5.970954357,101,,,0.00,101,,,,101
,,,,,,,,,,,,,,,,,,
114,24.99,3.1174438687392056,0.6107784431137725,,24.99,114,,,3.117443869,114,,,0.610778443,114,,,,114
,,,,,,,,,,,,,,,,,,
130,24.99,8.251221615406726,5.5,,24.99,130,,,8.251221615,130,,,5.50,130,,,,130
,,,,,,,,,,,,,,,,,,
1518,29.99,7.525196850393701,25.846743295019156,,29.99,1518,,,7.52519685,1518,,,25.8467433,1518,,,,1518
,,,,,,,,,,,,,,,,,,
359,19.99,4.507173601147776,15.383141762452107,,19.99,359,,,4.507173601,359,,,15.38314176,359,,,,359
,,,,,,,,,,,,,,,,,,
479,14.99,9.347911741528764,1.3831417624521072,,14.99,479,,,9.347911742,479,,,1.383141762,479,,,,479
,,,,,,,,,,,,,,,,,,
2099,29.99,7.685132843414358,21.970149253731343,,29.99,2099,,,7.685132843,2099,,,21.97014925,2099,,,,2099
,,,,,,,,,,,,,,,,,,
363,17.99,4.5493112947658405,0.3831417624521073,,17.99,363,,,4.549311295,363,,,0.383141762,363,,,,363
,,,,,,,,,,,,,,,,,,
328,9.99,7.257756563245823,1.0784313725490196,,9.99,328,,,7.257756563,328,,,1.078431373,328,,,,328
,,,,,,,,,,,,,,,,,,
200,0,4.152512998266897,0,,0,200,,,4.152512998,200,,,0.00,200,,,,200
,,,,,,,,,,,,,,,,,,
304,39.99,4.541201489,24.298850574712645,,39.99,304,,,4.541201489,304,,,24.29885057,304,,,,304
,,,,,,,,,,,,,,,,,,
249,59.99,4.71025641,5.731800766283525,,59.99,249,,,4.71025641,249,,,5.731800766,249,,,,249
,,,,,,,,,,,,,,,,,,
141,24.99,4.2910699241786014,16.977011494252874,,24.99,141,,,4.291069924,141,,,16.97701149,141,,,,141
,,,,,,,,,,,,,,,,,,
243,2.49,8.182994454713494,1.064516129032258,,2.49,243,,,8.182994455,243,,,1.064516129,243,,,,243
,,,,,,,,,,,,,,,,,,
230,0,8.635281385281385,13.911877394636015,,0,230,,,8.635281385,230,,,13.91187739,230,,,,230
,,,,,,,,,,,,,,,,,,
471,39.99,1.4803523035230353,0.20689655172413793,,39.99,471,,,1.480352304,471,,,0.206896552,471,,,,471
,,,,,,,,,,,,,,,,,,
300,0,11.65018315018315,0.892720307,,0,300,,,11.65018315,300,,,0.89,300,,,,300
,,,,,,,,,,,,,,,,,,
364,39.39,13.6125,0,,39.39,364,,,13.6125,364,,,0.00,364,,,,364
,,,,,,,,,,,,,,,,,,
134,12.49,3.858227848101266,1.582375478927203,,12.49,134,,,3.858227848,134,,,1.582375479,134,,,,134
,,,,,,,,,,,,,,,,,,
1499,39.99,12.851991388589882,4.547892720306513,,39.99,1499,,,12.85199139,1499,,,4.54789272,1499,,,,1499
,,,,,,,,,,,,,,,,,,
235,19.99,13.930352536543422,3.8297872340425534,,19.99,235,,,13.93035254,235,,,3.829787234,235,,,,235
,,,,,,,,,,,,,,,,,,
332,49.99,3.8197298884321786,1.0574712643678161,,49.99,332,,,3.819729888,332,,,1.057471264,332,,,,332
,,,,,,,,,,,,,,,,,,
325,8.39,7.210714285714285,1.0344827586206897,,8.39,325,,,7.210714286,325,,,1.034482759,325,,,,325
,,,,,,,,,,,,,,,,,,
124,0,0.9402214022140222,6.612903225806452,,0,124,,,0.940221402,124,,,6.612903226,124,,,,124
,,,,,,,,,,,,,,,,,,
845,0,1.515881708652793,0.865546218,,0,845,,,1.515881709,845,,,0.87,845,,,,845
,,,,,,,,,,,,,,,,,,
238,9.99,17.47892074198988,17.395833333333332,,9.99,238,,,17.47892074,238,,,17.39583333,238,,,,238
,,,,,,,,,,,,,,,,,,
620,19.99,11.40313272877164,29.088122605363985,,19.99,620,,,11.40313273,620,,,29.08812261,620,,,,620
,,,,,,,,,,,,,,,,,,
188,16.99,3.0859891761876126,0,,16.99,188,,,3.085989176,188,,,0.00,188,,,,188
,,,,,,,,,,,,,,,,,,
1012,19.99,3.275259199024192,1.24,,19.99,1012,,,3.275259199,1012,,,1.24,1012,,,,1012
,,,,,,,,,,,,,,,,,,
360,39.99,2.3017057569296377,1.631578947368421,,39.99,360,,,2.301705757,360,,,1.631578947,360,,,,360
,,,,,,,,,,,,,,,,,,
255,59.99,2.619085805934242,1.8045977011494252,,59.99,255,,,2.619085806,255,,,1.804597701,255,,,,255
,,,,,,,,,,,,,,,,,,
1187,19.99,13.253815380056304,19.78927203065134,,19.99,1187,,,13.25381538,1187,,,19.78927203,1187,,,,1187
,,,,,,,,,,,,,,,,,,
729,19.99,11.092518813634351,0.49732620320855614,,19.99,729,,,11.09251881,729,,,0.497326203,729,,,,729
,,,,,,,,,,,,,,,,,,
124,29.99,7.587719298245614,1.0466666666666666,,29.99,124,,,7.587719298,124,,,1.046666667,124,,,,124
,,,,,,,,,,,,,,,,,,
128,0,11.022641509433962,6.831417624521073,,0,128,,,11.02264151,128,,,6.831417625,128,,,,128
,,,,,,,,,,,,,,,,,,
133,19.99,4.472696245733788,1.7816091954022988,,19.99,133,,,4.472696246,133,,,1.781609195,133,,,,133
,,,,,,,,,,,,,,,,,,
108,19.99,0.8121546961325967,4.306513409961686,,19.99,108,,,0.812154696,108,,,4.30651341,108,,,,108
,,,,,,,,,,,,,,,,,,
909,19.99,7.6239316239316235,12.345454545454546,,19.99,909,,,7.623931624,909,,,12.34545455,909,,,,909
,,,,,,,,,,,,,,,,,,
186,29.99,23.03546099,1.7868852459016393,,29.99,186,,,23.03546099,186,,,1.786885246,186,,,,186
,,,,,,,,,,,,,,,,,,
120,49.99,6.638297872340425,2.5,,49.99,120,,,6.638297872,120,,,2.50,120,,,,120
,,,,,,,,,,,,,,,,,,
184,29.99,4.997165532879818,17.96551724137931,,29.99,184,,,4.997165533,184,,,17.96551724,184,,,,184
,,,,,,,,,,,,,,,,,,
205,19.99,7.473753859726511,1.343915343915344,,19.99,205,,,7.47375386,205,,,1.343915344,205,,,,205
,,,,,,,,,,,,,,,,,,
144,8.99,9.382871536523929,2.3601532567049808,,8.99,144,,,9.382871537,144,,,2.360153257,144,,,,144
,,,,,,,,,,,,,,,,,,
140,1.99,23.678899082568808,2.269230769230769,,1.99,140,,,23.67889908,140,,,2.269230769,140,,,,140
,,,,,,,,,,,,,,,,,,
603,0.99,15.615384615384615,0.3831417624521073,,0.99,603,,,15.61538462,603,,,0.383141762,603,,,,603
,,,,,,,,,,,,,,,,,,
199,5.24,9.124031007751938,1.4865900383141764,,5.24,199,,,9.124031008,199,,,1.486590038,199,,,,199
,,,,,,,,,,,,,,,,,,
178,0,8.418918919,4.134831460674158,,0,178,,,8.418918919,178,,,4.134831461,178,,,,178
,,,,,,,,,,,,,,,,,,
1870,0,7.3609934258582905,12.839080459770114,,0,1870,,,7.360993426,1870,,,12.83908046,1870,,,,1870
,,,,,,,,,,,,,,,,,,
1129,34.99,6.923076923076923,0.789272031,,34.99,1129,,,6.923076923,1129,,,0.79,1129,,,,1129
,,,,,,,,,,,,,,,,,,
179,39.99,3.4642233856893543,1.606896551724138,,39.99,179,,,3.464223386,179,,,1.606896552,179,,,,179
,,,,,,,,,,,,,,,,,,
431,3.99,2.64,0.8148148148148148,,3.99,431,,,2.64,431,,,0.814814815,431,,,,431
,,,,,,,,,,,,,,,,,,
123,29.99,10.789473684210526,1.148936170212766,,29.99,123,,,10.78947368,123,,,1.14893617,123,,,,123
,,,,,,,,,,,,,,,,,,
272,24.99,12.024875621890548,0.5555555555555556,,24.99,272,,,12.02487562,272,,,0.555555556,272,,,,272
,,,,,,,,,,,,,,,,,,
572,19.99,25.993094518774278,1.3409961685823755,,19.99,572,,,25.99309452,572,,,1.340996169,572,,,,572
,,,,,,,,,,,,,,,,,,
172,0,2.8683098591549294,11.977611940298507,,0,172,,,2.868309859,172,,,11.97761194,172,,,,172
,,,,,,,,,,,,,,,,,,
112,29.99,4.772058823529412,0.08,,29.99,112,,,4.772058824,112,,,0.08,112,,,,112
,,,,,,,,,,,,,,,,,,
524,29.99,10.069444444444445,1.0441176470588236,,29.99,524,,,10.06944444,524,,,1.044117647,524,,,,524
,,,,,,,,,,,,,,,,,,
259,0,3.733980582524272,0.7432950191570882,,0,259,,,3.733980583,259,,,0.743295019,259,,,,259
,,,,,,,,,,,,,,,,,,
335,19.99,2.0384316495937833,7.393939393939394,,19.99,335,,,2.03843165,335,,,7.393939394,335,,,,335
,,,,,,,,,,,,,,,,,,
1716,0,2.973266499582289,0.3831417624521073,,0,1716,,,2.9732665,1716,,,0.383141762,1716,,,,1716
,,,,,,,,,,,,,,,,,,
1432,39.99,10.164730978904954,5.233716475095785,,39.99,1432,,,10.16473098,1432,,,5.233716475,1432,,,,1432
,,,,,,,,,,,,,,,,,,
1392,9.99,21.808148861084376,0.4061302681992337,,9.99,1392,,,21.80814886,1392,,,0.406130268,1392,,,,1392
,,,,,,,,,,,,,,,,,,
1963,59.99,10.134579439252336,1.7941176470588236,,59.99,1963,,,10.13457944,1963,,,1.794117647,1963,,,,1963
,,,,,,,,,,,,,,,,,,
114,59.99,2.761904761904762,1.369863014,,59.99,114,,,2.761904762,114,,,1.37,114,,,,114
,,,,,,,,,,,,,,,,,,
323,3.99,2.919614147909968,21.18095238095238,,3.99,323,,,2.919614148,323,,,21.18095238,323,,,,323
,,,,,,,,,,,,,,,,,,
1071,59.99,7.1248,9.936,,59.99,1071,,,7.1248,1071,,,9.94,1071,,,,1071
,,,,,,,,,,,,,,,,,,
515,39.99,4.114343793672977,10.996168582375478,,39.99,515,,,4.114343794,515,,,10.99616858,515,,,,515
,,,,,,,,,,,,,,,,,,
1158,59.99,14.10817455439459,7.25,,59.99,1158,,,14.10817455,1158,,,7.25,1158,,,,1158
,,,,,,,,,,,,,,,,,,
638,0,15.132388663967612,4.758620689655173,,0,638,,,15.13238866,638,,,4.75862069,638,,,,638
,,,,,,,,,,,,,,,,,,
984,9.99,9.566131710016602,6.681992337164751,,9.99,984,,,9.56613171,984,,,6.681992337,984,,,,984
,,,,,,,,,,,,,,,,,,
579,0,2.837920489296636,3.671875,,0,579,,,2.837920489,579,,,3.67,579,,,,579
,,,,,,,,,,,,,,,,,,
170,6.29,11.75,1.5625,,6.29,170,,,11.75,170,,,1.56,170,,,,170
,,,,,,,,,,,,,,,,,,
102,9.99,10.711297071129707,8.005263157894737,,9.99,102,,,10.71129707,102,,,8.005263158,102,,,,102
,,,,,,,,,,,,,,,,,,
199,14.99,17.36899696048632,9.892720307,,14.99,199,,,17.36899696,199,,,9.89,199,,,,199
,,,,,,,,,,,,,,,,,,
289,4.99,11.444656488549619,1.1417624521072798,,4.99,289,,,11.44465649,289,,,1.141762452,289,,,,289
,,,,,,,,,,,,,,,,,,
340,29.99,4.675291730086251,1.9386973180076628,,29.99,340,,,4.67529173,340,,,1.938697318,340,,,,340
,,,,,,,,,,,,,,,,,,
146,13.99,11.146435452793835,6.666666666666667,,13.99,146,,,11.14643545,146,,,6.666666667,146,,,,146
,,,,,,,,,,,,,,,,,,
769,34.99,8.865269461077844,0.18181818181818182,,34.99,769,,,8.865269461,769,,,0.181818182,769,,,,769
,,,,,,,,,,,,,,,,,,
203,0,5.598130841121495,0.3831417624521073,,0,203,,,5.598130841,203,,,0.383141762,203,,,,203
,,,,,,,,,,,,,,,,,,
109,9.99,4.407832545577312,12.049808429118775,,9.99,109,,,4.407832546,109,,,12.04980843,109,,,,109
,,,,,,,,,,,,,,,,,,
424,59.99,1.7929373996789728,4.978021978021978,,59.99,424,,,1.7929374,424,,,4.978021978,424,,,,424
,,,,,,,,,,,,,,,,,,
197,0,1.1540041067761806,0.7352941176470589,,0,197,,,1.154004107,197,,,0.735294118,197,,,,197
,,,,,,,,,,,,,,,,,,
602,15.99,16.30188679245283,3.0613026819923372,,15.99,602,,,16.30188679,602,,,3.061302682,602,,,,602
,,,,,,,,,,,,,,,,,,
464,0,2.775699054516194,17.57894736842105,,0,464,,,2.775699055,464,,,17.57894737,464,,,,464
,,,,,,,,,,,,,,,,,,
278,29.99,4.251594202898551,2.815642458100559,,29.99,278,,,4.251594203,278,,,2.815642458,278,,,,278
,,,,,,,,,,,,,,,,,,
112,19.99,8.747720365,4.125,,19.99,112,,,8.747720365,112,,,4.13,112,,,,112
,,,,,,,,,,,,,,,,,,
601,29.99,7.023504273504273,3.668965517241379,,29.99,601,,,7.023504274,601,,,3.668965517,601,,,,601
,,,,,,,,,,,,,,,,,,
153,0,6.502057613168724,1.1555555555555554,,0,153,,,6.502057613,153,,,1.155555556,153,,,,153
,,,,,,,,,,,,,,,,,,
154,12.99,7.763888888888889,0.4666666666666667,,12.99,154,,,7.763888889,154,,,0.466666667,154,,,,154
,,,,,,,,,,,,,,,,,,
1380,19.99,19.067712045616535,24.435294117647057,,19.99,1380,,,19.06771205,1380,,,24.43529412,1380,,,,1380
,,,,,,,,,,,,,,,,,,
201,0,21.7,2.096774193548387,,0,201,,,21.7,201,,,2.096774194,201,,,,201
,,,,,,,,,,,,,,,,,,
134,9.99,8.826164875,3.6842105263157894,,9.99,134,,,8.826164875,134,,,3.684210526,134,,,,134
,,,,,,,,,,,,,,,,,,
557,24.99,2.613797549967763,5.988505747126437,,24.99,557,,,2.61379755,557,,,5.988505747,557,,,,557
,,,,,,,,,,,,,,,,,,
426,0,2.610294117647059,0.3831417624521073,,0,426,,,2.610294118,426,,,0.383141762,426,,,,426
,,,,,,,,,,,,,,,,,,
104,19.99,8.733766233766234,10.743295019157088,,19.99,104,,,8.733766234,104,,,10.74329502,104,,,,104
,,,,,,,,,,,,,,,,,,
607,10.49,4.585878489326765,4.360153256704981,,10.49,607,,,4.585878489,607,,,4.360153257,607,,,,607
,,,,,,,,,,,,,,,,,,
183,19.99,2.7325581395348837,0.6785714285714286,,19.99,183,,,2.73255814,183,,,0.678571429,183,,,,183
,,,,,,,,,,,,,,,,,,
184,59.99,17.038543897216275,0.14736842105263157,,59.99,184,,,17.0385439,184,,,0.147368421,184,,,,184
,,,,,,,,,,,,,,,,,,
426,17.99,14.05782313,6.376712328767123,,17.99,426,,,14.05782313,426,,,6.376712329,426,,,,426
,,,,,,,,,,,,,,,,,,
323,23.99,4.851851851851852,1.9195402298850575,,23.99,323,,,4.851851852,323,,,1.91954023,323,,,,323
,,,,,,,,,,,,,,,,,,
450,15.39,10.467576791808874,3.8237547892720305,,15.39,450,,,10.46757679,450,,,3.823754789,450,,,,450
,,,,,,,,,,,,,,,,,,
206,0,3.292452830188679,6.25,,0,206,,,3.29245283,206,,,6.25,206,,,,206
,,,,,,,,,,,,,,,,,,
130,39.99,2.3766233766233764,12.032407407407407,,39.99,130,,,2.376623377,130,,,12.03240741,130,,,,130
,,,,,,,,,,,,,,,,,,
197,6.99,12.477296726504752,0.896551724,,6.99,197,,,12.47729673,197,,,0.90,197,,,,197
,,,,,,,,,,,,,,,,,,
1519,29.99,11.129885057471265,7.46875,,29.99,1519,,,11.12988506,1519,,,7.47,1519,,,,1519
,,,,,,,,,,,,,,,,,,
120,14.99,17.596827133479213,16.35249042145594,,14.99,120,,,17.59682713,120,,,16.35249042,120,,,,120
,,,,,,,,,,,,,,,,,,
152,19.99,2.3612565445026177,0.5405405405405406,,19.99,152,,,2.361256545,152,,,0.540540541,152,,,,152
,,,,,,,,,,,,,,,,,,
271,0,2.6702508960573477,0.3831417624521073,,0,271,,,2.670250896,271,,,0.383141762,271,,,,271
,,,,,,,,,,,,,,,,,,
121,5.99,2.9849056603773585,1.9047619047619047,,5.99,121,,,2.98490566,121,,,1.904761905,121,,,,121
,,,,,,,,,,,,,,,,,,
122,19.99,3.8410981697171382,0.5267175572519084,,19.99,122,,,3.84109817,122,,,0.526717557,122,,,,122
,,,,,,,,,,,,,,,,,,
323,49.99,6.564102564102564,4.077922077922078,,49.99,323,,,6.564102564,323,,,4.077922078,323,,,,323
,,,,,,,,,,,,,,,,,,
259,0,5.885647359454855,19.558139534883722,,0,259,,,5.885647359,259,,,19.55813953,259,,,,259
,,,,,,,,,,,,,,,,,,
591,5.99,14.541818181818181,0.7920353982300885,,5.99,591,,,14.54181818,591,,,0.792035398,591,,,,591
,,,,,,,,,,,,,,,,,,
124,19.99,2.594940867279895,1.2298850574712643,,19.99,124,,,2.594940867,124,,,1.229885057,124,,,,124
,,,,,,,,,,,,,,,,,,
205,29.99,5.050561797752809,1,,29.99,205,,,5.050561798,205,,,1.00,205,,,,205
,,,,,,,,,,,,,,,,,,
126,0,2.6809210526315788,3.2873563218390807,,0,126,,,2.680921053,126,,,3.287356322,126,,,,126
,,,,,,,,,,,,,,,,,,
167,49.99,7.261682242990654,0.3831417624521073,,49.99,167,,,7.261682243,167,,,0.383141762,167,,,,167
,,,,,,,,,,,,,,,,,,
634,29.99,17.26484641638225,5.416666666666667,,29.99,634,,,17.26484642,634,,,5.416666667,634,,,,634
,,,,,,,,,,,,,,,,,,
151,14.99,26.09090909090909,3.0279329608938546,,14.99,151,,,26.09090909,151,,,3.027932961,151,,,,151
,,,,,,,,,,,,,,,,,,
172,19.99,5.097560975609756,0.7662835249042146,,19.99,172,,,5.097560976,172,,,0.766283525,172,,,,172
,,,,,,,,,,,,,,,,,,
285,0,2.030050761,1.4444444444444444,,0,285,,,2.030050761,285,,,1.444444444,285,,,,285
,,,,,,,,,,,,,,,,,,
926,6.99,7.665847665847666,0.3831417624521073,,6.99,926,,,7.665847666,926,,,0.383141762,926,,,,926
,,,,,,,,,,,,,,,,,,
285,39.99,1.4726680040120361,4.135135135135135,,39.99,285,,,1.472668004,285,,,4.135135135,285,,,,285
,,,,,,,,,,,,,,,,,,
1198,19.99,16.192526401299755,16.75095785440613,,19.99,1198,,,16.1925264,1198,,,16.75095785,1198,,,,1198
,,,,,,,,,,,,,,,,,,
237,19.99,6.894923258559622,0,,19.99,237,,,6.894923259,237,,,0.00,237,,,,237
,,,,,,,,,,,,,,,,,,
199,59.99,2.136498516320475,1.5483870967741935,,59.99,199,,,2.136498516,199,,,1.548387097,199,,,,199
,,,,,,,,,,,,,,,,,,
260,5.99,10.892215568862275,0.453551913,,5.99,260,,,10.89221557,260,,,0.45,260,,,,260
,,,,,,,,,,,,,,,,,,
120,2.99,9.744680851,1.0727969348659003,,2.99,120,,,9.744680851,120,,,1.072796935,120,,,,120
,,,,,,,,,,,,,,,,,,
224,39.99,3.6155717761557176,1.5325670498084292,,39.99,224,,,3.615571776,224,,,1.53256705,224,,,,224
,,,,,,,,,,,,,,,,,,
117,19.99,16.41222366710013,2.6168582375478926,,19.99,117,,,16.41222367,117,,,2.616858238,117,,,,117
,,,,,,,,,,,,,,,,,,
234,29.99,7.772300469483568,1.892720307,,29.99,234,,,7.772300469,234,,,1.89,234,,,,234
,,,,,,,,,,,,,,,,,,
552,39.99,4.367816091954023,12.555555555555555,,39.99,552,,,4.367816092,552,,,12.55555556,552,,,,552
,,,,,,,,,,,,,,,,,,
223,9.99,5.970878346641616,6.7025316455696204,,9.99,223,,,5.970878347,223,,,6.702531646,223,,,,223
,,,,,,,,,,,,,,,,,,
824,19.99,5.001161440185831,3.9348659003831417,,19.99,824,,,5.00116144,824,,,3.9348659,824,,,,824
,,,,,,,,,,,,,,,,,,
166,5.99,2.2992998833138856,24.818181818181817,,5.99,166,,,2.299299883,166,,,24.81818182,166,,,,166
,,,,,,,,,,,,,,,,,,
237,19.99,12.190730837789662,2.857142857142857,,19.99,237,,,12.19073084,237,,,2.857142857,237,,,,237
,,,,,,,,,,,,,,,,,,
162,19.99,3.2857142857142856,1.25,,19.99,162,,,3.285714286,162,,,1.25,162,,,,162
,,,,,,,,,,,,,,,,,,
371,14.99,2.6555555555555554,1.0735294117647058,,14.99,371,,,2.655555556,371,,,1.073529412,371,,,,371
,,,,,,,,,,,,,,,,,,
335,0,11.871794871794872,0,,0,335,,,11.87179487,335,,,0.00,335,,,,335
,,,,,,,,,,,,,,,,,,
442,24.99,3.254199328107503,10.903225806451612,,24.99,442,,,3.254199328,442,,,10.90322581,442,,,,442
,,,,,,,,,,,,,,,,,,
146,14.99,24.41262136,1.2873563218390804,,14.99,146,,,24.41262136,146,,,1.287356322,146,,,,146
,,,,,,,,,,,,,,,,,,
817,0,2.196575856035991,12.282352941176471,,0,817,,,2.196575856,817,,,12.28235294,817,,,,817
,,,,,,,,,,,,,,,,,,
987,26.79,1.593979933110368,3.111111111111111,,26.79,987,,,1.593979933,987,,,3.111111111,987,,,,987
,,,,,,,,,,,,,,,,,,
372,14.99,11.018813314037626,23.295454545454547,,14.99,372,,,11.01881331,372,,,23.29545455,372,,,,372
,,,,,,,,,,,,,,,,,,
759,19.99,13.209302325581396,0.5714285714285714,,19.99,759,,,13.20930233,759,,,0.571428571,759,,,,759
,,,,,,,,,,,,,,,,,,
336,23.99,1.2105263157894737,3.4482758620689653,,23.99,336,,,1.210526316,336,,,3.448275862,336,,,,336
,,,,,,,,,,,,,,,,,,
525,9.99,7.068902327286055,1.53125,,9.99,525,,,7.068902327,525,,,1.53,525,,,,525
,,,,,,,,,,,,,,,,,,
264,17.99,4.421052631578948,0.3831417624521073,,17.99,264,,,4.421052632,264,,,0.383141762,264,,,,264
,,,,,,,,,,,,,,,,,,
220,49.99,11.264675592173017,6.25,,49.99,220,,,11.26467559,220,,,6.25,220,,,,220
,,,,,,,,,,,,,,,,,,
978,39.99,4.145161290322581,4.196721311,,39.99,978,,,4.14516129,978,,,4.20,978,,,,978
,,,,,,,,,,,,,,,,,,
135,9.99,14.583333333333334,21.586206896551722,,9.99,135,,,14.58333333,135,,,21.5862069,135,,,,135
,,,,,,,,,,,,,,,,,,
163,19.99,8.511203542197773,25.513409961685824,,19.99,163,,,8.511203542,163,,,25.51340996,163,,,,163
,,,,,,,,,,,,,,,,,,
120,29.99,5.395683453,1.5612244897959184,,29.99,120,,,5.395683453,120,,,1.56122449,120,,,,120
,,,,,,,,,,,,,,,,,,
762,0,3.933852140077821,0.45454545454545453,,0,762,,,3.93385214,762,,,0.454545455,762,,,,762
,,,,,,,,,,,,,,,,,,
981,19.99,24.252701579384873,0.12418300653594772,,19.99,981,,,24.25270158,981,,,0.124183007,981,,,,981
,,,,,,,,,,,,,,,,,,
395,7.99,4.704778296860913,0.32608695652173914,,7.99,395,,,4.704778297,395,,,0.326086957,395,,,,395
,,,,,,,,,,,,,,,,,,
186,29.99,4.060231023,3.310344827586207,,29.99,186,,,4.060231023,186,,,3.310344828,186,,,,186
,,,,,,,,,,,,,,,,,,
164,29.99,9.710363761153054,18.77777777777778,,29.99,164,,,9.710363761,164,,,18.77777778,164,,,,164
,,,,,,,,,,,,,,,,,,
729,0,1.1016153527543835,7.910614525139665,,0,729,,,1.101615353,729,,,7.910614525,729,,,,729
,,,,,,,,,,,,,,,,,,
132,19.99,10.72192513368984,4.2105263157894735,,19.99,132,,,10.72192513,132,,,4.210526316,132,,,,132
,,,,,,,,,,,,,,,,,,
107,39.99,4.874296435272045,1.4865900383141764,,39.99,107,,,4.874296435,107,,,1.486590038,107,,,,107
,,,,,,,,,,,,,,,,,,
539,29.99,6.4806800618238025,2.3026819923371646,,29.99,539,,,6.480680062,539,,,2.302681992,539,,,,539
,,,,,,,,,,,,,,,,,,
338,5.99,4.0675600223338915,12.984674329501916,,5.99,338,,,4.067560022,338,,,12.98467433,338,,,,338
,,,,,,,,,,,,,,,,,,
1043,9.99,15.15531660692951,0,,9.99,1043,,,15.15531661,1043,,,0.00,1043,,,,1043
,,,,,,,,,,,,,,,,,,
1148,39.99,5.407750910897648,5.302788844621514,,39.99,1148,,,5.407750911,1148,,,5.302788845,1148,,,,1148
,,,,,,,,,,,,,,,,,,
312,39.99,3.532451165721487,4.375478927203065,,39.99,312,,,3.532451166,312,,,4.375478927,312,,,,312
,,,,,,,,,,,,,,,,,,
917,5.99,3.10966811,0,,5.99,917,,,3.10966811,917,,,0.00,917,,,,917
,,,,,,,,,,,,,,,,,,
641,0,2.932247557003257,1.1363636363636365,,0,641,,,2.932247557,641,,,1.136363636,641,,,,641
,,,,,,,,,,,,,,,,,,
197,0,4.215950920245398,0.5208333333333334,,0,197,,,4.21595092,197,,,0.520833333,197,,,,197
,,,,,,,,,,,,,,,,,,
1226,0,3.5441490986862205,0,,0,1226,,,3.544149099,1226,,,0.00,1226,,,,1226
,,,,,,,,,,,,,,,,,,
805,34.99,5.265195857721747,19.666666666666668,,34.99,805,,,5.265195858,805,,,19.66666667,805,,,,805
,,,,,,,,,,,,,,,,,,
119,27.99,1.5836508486317977,2.049808429118774,,27.99,119,,,1.583650849,119,,,2.049808429,119,,,,119
,,,,,,,,,,,,,,,,,,
276,19.99,5.76056338,0.9808429118773946,,19.99,276,,,5.76056338,276,,,0.980842912,276,,,,276
,,,,,,,,,,,,,,,,,,
193,29.99,2.757936507936508,1.6016597510373445,,29.99,193,,,2.757936508,193,,,1.601659751,193,,,,193
,,,,,,,,,,,,,,,,,,
256,19.99,6.321033210332104,0.030927835051546393,,19.99,256,,,6.32103321,256,,,0.030927835,256,,,,256
,,,,,,,,,,,,,,,,,,
137,0,2.957501760976755,3.9272030651340994,,0,137,,,2.957501761,137,,,3.927203065,137,,,,137
,,,,,,,,,,,,,,,,,,
341,17.99,10.884686346863468,12.666666666666666,,17.99,341,,,10.88468635,341,,,12.66666667,341,,,,341
,,,,,,,,,,,,,,,,,,
116,19.99,4.225416906,7.820512821,,19.99,116,,,4.225416906,116,,,7.82,116,,,,116
,,,,,,,,,,,,,,,,,,
749,0,2.708897839619187,3.3333333333333335,,0,749,,,2.70889784,749,,,3.333333333,749,,,,749
,,,,,,,,,,,,,,,,,,
119,9.99,12.075320512820513,20.053097345132745,,9.99,119,,,12.07532051,119,,,20.05309735,119,,,,119
,,,,,,,,,,,,,,,,,,
1083,15.99,6.832039739211425,18.666666666666668,,15.99,1083,,,6.832039739,1083,,,18.66666667,1083,,,,1083
,,,,,,,,,,,,,,,,,,
749,0,6.740112994350283,6.056994819,,0,749,,,6.740112994,749,,,6.06,749,,,,749
,,,,,,,,,,,,,,,,,,
115,14.99,6.368159204,10.160919540229886,,14.99,115,,,6.368159204,115,,,10.16091954,115,,,,115
,,,,,,,,,,,,,,,,,,
479,14.99,22.927570093457945,24.842911877394634,,14.99,479,,,22.92757009,479,,,24.84291188,479,,,,479
,,,,,,,,,,,,,,,,,,
167,12.99,9.616025641,0.3831417624521073,,12.99,167,,,9.616025641,167,,,0.383141762,167,,,,167
,,,,,,,,,,,,,,,,,,
1144,39.99,1.5191138140747176,9,,39.99,1144,,,1.519113814,1144,,,9.00,1144,,,,1144
,,,,,,,,,,,,,,,,,,
113,0,2.8784846318799144,14.037037037037036,,0,113,,,2.878484632,113,,,14.03703704,113,,,,113
,,,,,,,,,,,,,,,,,,
1961,9.99,26.164473684210527,0.047619047619047616,,9.99,1961,,,26.16447368,1961,,,0.047619048,1961,,,,1961
,,,,,,,,,,,,,,,,,,
241,0,2.1151515151515152,4.285714285714286,,0,241,,,2.115151515,241,,,4.285714286,241,,,,241
,,,,,,,,,,,,,,,,,,
162,49.99,2.2855450236966823,2.1226053639846745,,49.99,162,,,2.285545024,162,,,2.122605364,162,,,,162
,,,,,,,,,,,,,,,,,,
195,14.99,7.093535076,7.132075471698113,,14.99,195,,,7.093535076,195,,,7.132075472,195,,,,195
,,,,,,,,,,,,,,,,,,
396,29.99,9.798068077276909,12.4,,29.99,396,,,9.798068077,396,,,12.40,396,,,,396
,,,,,,,,,,,,,,,,,,
198,39.99,6.443365696,1.2796934865900382,,39.99,198,,,6.443365696,198,,,1.279693487,198,,,,198
,,,,,,,,,,,,,,,,,,
563,24.99,25.01578947368421,5.739463601532567,,24.99,563,,,25.01578947,563,,,5.739463602,563,,,,563
,,,,,,,,,,,,,,,,,,
354,39.99,5.718309859,3.632183908045977,,39.99,354,,,5.718309859,354,,,3.632183908,354,,,,354
,,,,,,,,,,,,,,,,,,
164,8.99,12.37434554973822,0.842741935,,8.99,164,,,12.37434555,164,,,0.84,164,,,,164
,,,,,,,,,,,,,,,,,,
1441,10.19,2.953242835595777,5.5,,10.19,1441,,,2.953242836,1441,,,5.50,1441,,,,1441
,,,,,,,,,,,,,,,,,,
779,3.29,3.2873289708506843,1.4236111111111112,,3.29,779,,,3.287328971,779,,,1.423611111,779,,,,779
,,,,,,,,,,,,,,,,,,
133,20.09,8.630890052,25.564102564102566,,20.09,133,,,8.630890052,133,,,25.56410256,133,,,,133
,,,,,,,,,,,,,,,,,,
151,4.79,2.725296442687747,3.0338983050847457,,4.79,151,,,2.725296443,151,,,3.033898305,151,,,,151
,,,,,,,,,,,,,,,,,,
825,49.99,7.750689655172414,7.708812260536399,,49.99,825,,,7.750689655,825,,,7.708812261,825,,,,825
,,,,,,,,,,,,,,,,,,
1248,59.99,10.88888888888889,6.868131868131868,,59.99,1248,,,10.88888889,1248,,,6.868131868,1248,,,,1248
,,,,,,,,,,,,,,,,,,
120,8.99,2.011509817197021,0.3946360153256705,,8.99,120,,,2.011509817,120,,,0.394636015,120,,,,120
,,,,,,,,,,,,,,,,,,
174,11.19,2.211225997,1.0769230769230769,,11.19,174,,,2.211225997,174,,,1.076923077,174,,,,174
,,,,,,,,,,,,,,,,,,
115,15.99,9.887700535,1.5632183908045978,,15.99,115,,,9.887700535,115,,,1.563218391,115,,,,115
,,,,,,,,,,,,,,,,,,
782,16.19,2.6884057971014492,0.5181347150259067,,16.19,782,,,2.688405797,782,,,0.518134715,782,,,,782
,,,,,,,,,,,,,,,,,,
530,39.99,5.574098274960795,5.789272030651341,,39.99,530,,,5.574098275,530,,,5.789272031,530,,,,530
,,,,,,,,,,,,,,,,,,
107,17.99,5.7,0.49019607843137253,,17.99,107,,,5.7,107,,,0.490196078,107,,,,107
,,,,,,,,,,,,,,,,,,
1533,0,2.982023696037042,19.18773946360153,,0,1533,,,2.982023696,1533,,,19.18773946,1533,,,,1533
,,,,,,,,,,,,,,,,,,
1107,0,5.024482759,1.3584905660377358,,0,1107,,,5.024482759,1107,,,1.358490566,1107,,,,1107
,,,,,,,,,,,,,,,,,,
112,9.99,0.9130138541903248,1.593984962406015,,9.99,112,,,0.913013854,112,,,1.593984962,112,,,,112
,,,,,,,,,,,,,,,,,,
233,19.99,3.7232704402515724,0.7471264367816092,,19.99,233,,,3.72327044,233,,,0.747126437,233,,,,233
,,,,,,,,,,,,,,,,,,
535,9.99,16.39142628205128,4.835820895522388,,9.99,535,,,16.39142628,535,,,4.835820896,535,,,,535
,,,,,,,,,,,,,,,,,,
355,24.99,20.29608938547486,1.0842911877394636,,24.99,355,,,20.29608939,355,,,1.084291188,355,,,,355
,,,,,,,,,,,,,,,,,,
1235,0,4.327901785714285,14.5,,0,1235,,,4.327901786,1235,,,14.50,1235,,,,1235
,,,,,,,,,,,,,,,,,,
225,14.99,23.540983606557376,1.3968253968253967,,14.99,225,,,23.54098361,225,,,1.396825397,225,,,,225
,,,,,,,,,,,,,,,,,,
125,24.99,16.613259668508288,2.0078740157480315,,24.99,125,,,16.61325967,125,,,2.007874016,125,,,,125
,,,,,,,,,,,,,,,,,,
394,19.99,8.995934959349594,1.1442307692307692,,19.99,394,,,8.995934959,394,,,1.144230769,394,,,,394
,,,,,,,,,,,,,,,,,,
201,19.99,3.6897671900378994,3.9578544061302683,,19.99,201,,,3.68976719,201,,,3.957854406,201,,,,201
,,,,,,,,,,,,,,,,,,
105,39.99,11.047154471544715,3.4358974358974357,,39.99,105,,,11.04715447,105,,,3.435897436,105,,,,105
,,,,,,,,,,,,,,,,,,
278,38.99,11.373134328358208,0.6972477064220184,,38.99,278,,,11.37313433,278,,,0.697247706,278,,,,278
,,,,,,,,,,,,,,,,,,
1345,39.99,3.2903225806451615,4.636015325670498,,39.99,1345,,,3.290322581,1345,,,4.636015326,1345,,,,1345
,,,,,,,,,,,,,,,,,,
681,0,7.510869565217392,0.7318007662835249,,0,681,,,7.510869565,681,,,0.731800766,681,,,,681
,,,,,,,,,,,,,,,,,,
469,24.99,16.419773095623988,0.40229885057471265,,24.99,469,,,16.4197731,469,,,0.402298851,469,,,,469
,,,,,,,,,,,,,,,,,,
652,24.99,14.265384615384615,0.5575221238938053,,24.99,652,,,14.26538462,652,,,0.557522124,652,,,,652
,,,,,,,,,,,,,,,,,,
298,24.99,3.6706924315619966,8.31092437,,24.99,298,,,3.670692432,298,,,8.31,298,,,,298
,,,,,,,,,,,,,,,,,,
284,22.99,16.735294117647058,0.7816091954022989,,22.99,284,,,16.73529412,284,,,0.781609195,284,,,,284
,,,,,,,,,,,,,,,,,,
111,14.99,19.382825484764542,13.578544061302683,,14.99,111,,,19.38282548,111,,,13.57854406,111,,,,111
,,,,,,,,,,,,,,,,,,
274,0,3.129166666666667,0.8849557522123894,,0,274,,,3.129166667,274,,,0.884955752,274,,,,274
,,,,,,,,,,,,,,,,,,
584,18.99,7.71133412,7.330049261083744,,18.99,584,,,7.71133412,584,,,7.330049261,584,,,,584
,,,,,,,,,,,,,,,,,,
317,0,4.838383838383838,0.6245210727969349,,0,317,,,4.838383838,317,,,0.624521073,317,,,,317
,,,,,,,,,,,,,,,,,,
1559,5.99,3.030530401034929,15.229885057471265,,5.99,1559,,,3.030530401,1559,,,15.22988506,1559,,,,1559
,,,,,,,,,,,,,,,,,,
1092,9.99,28.25679127002554,17.570048309178745,,9.99,1092,,,28.25679127,1092,,,17.57004831,1092,,,,1092
,,,,,,,,,,,,,,,,,,
258,29.99,1.7446236559139785,1.5379746835443038,,29.99,258,,,1.744623656,258,,,1.537974684,258,,,,258
,,,,,,,,,,,,,,,,,,
286,29.99,10.745144669044787,15.961538461538462,,29.99,286,,,10.74514467,286,,,15.96153846,286,,,,286
,,,,,,,,,,,,,,,,,,
942,34.99,3.9995408631772267,3.345622119815668,,34.99,942,,,3.999540863,942,,,3.34562212,942,,,,942
,,,,,,,,,,,,,,,,,,
2054,24.99,19.07601396723073,5.0727969348659006,,24.99,2054,,,19.07601397,2054,,,5.072796935,2054,,,,2054
,,,,,,,,,,,,,,,,,,
516,19.99,2.8777777777777778,0.8467432950191571,,19.99,516,,,2.877777778,516,,,0.846743295,516,,,,516
,,,,,,,,,,,,,,,,,,
139,9.99,3.529980657640232,0.948051948,,9.99,139,,,3.529980658,139,,,0.95,139,,,,139
,,,,,,,,,,,,,,,,,,
709,6.99,5.1794909736608465,13.12280701754386,,6.99,709,,,5.179490974,709,,,13.12280702,709,,,,709
,,,,,,,,,,,,,,,,,,
128,9.99,5.709090909090909,0.3831417624521073,,9.99,128,,,5.709090909,128,,,0.383141762,128,,,,128
,,,,,,,,,,,,,,,,,,
119,19.99,5.290697674418604,0.4099616858237548,,19.99,119,,,5.290697674,119,,,0.409961686,119,,,,119
,,,,,,,,,,,,,,,,,,
147,39.99,11.818609022556391,5,,39.99,147,,,11.81860902,147,,,5.00,147,,,,147
,,,,,,,,,,,,,,,,,,
101,39.99,13.054112554112555,0.4065040650406504,,39.99,101,,,13.05411255,101,,,0.406504065,101,,,,101
,,,,,,,,,,,,,,,,,,
152,4.99,5.8192834562697575,4.666666666666667,,4.99,152,,,5.819283456,152,,,4.666666667,152,,,,152
,,,,,,,,,,,,,,,,,,
106,19.99,2.506426735218509,0,,19.99,106,,,2.506426735,106,,,0.00,106,,,,106
,,,,,,,,,,,,,,,,,,
162,49.99,4.15,0.8062015503875969,,49.99,162,,,4.15,162,,,0.80620155,162,,,,162
,,,,,,,,,,,,,,,,,,
1006,19.99,7.100985221674877,6.518518518518518,,19.99,1006,,,7.100985222,1006,,,6.518518519,1006,,,,1006
,,,,,,,,,,,,,,,,,,
101,25.99,9.417910447761194,0.5347593582887701,,25.99,101,,,9.417910448,101,,,0.534759358,101,,,,101
,,,,,,,,,,,,,,,,,,
132,9.99,3.043691588785047,18.877394636015325,,9.99,132,,,3.043691589,132,,,18.87739464,132,,,,132
,,,,,,,,,,,,,,,,,,
103,34.99,11.534914361001318,5.854406130268199,,34.99,103,,,11.53491436,103,,,5.85440613,103,,,,103
,,,,,,,,,,,,,,,,,,
151,39.99,10.305555555555555,0.13793103448275862,,39.99,151,,,10.30555556,151,,,0.137931034,151,,,,151
,,,,,,,,,,,,,,,,,,
159,11.99,4.028627838,0.40782122905027934,,11.99,159,,,4.028627838,159,,,0.407821229,159,,,,159
,,,,,,,,,,,,,,,,,,
1908,9.99,12.627126035761012,6.555555555555555,,9.99,1908,,,12.62712604,1908,,,6.555555556,1908,,,,1908
,,,,,,,,,,,,,,,,,,
359,18.99,6.597014925373134,0.44061302681992337,,18.99,359,,,6.597014925,359,,,0.440613027,359,,,,359
,,,,,,,,,,,,,,,,,,
349,19.99,15.222330729166666,17.231404958677686,,19.99,349,,,15.22233073,349,,,17.23140496,349,,,,349
,,,,,,,,,,,,,,,,,,
175,2.99,3.75,0.5019157088122606,,2.99,175,,,3.75,175,,,0.501915709,175,,,,175
,,,,,,,,,,,,,,,,,,
106,39.99,7.2631578947368425,2.0833333333333335,,39.99,106,,,7.263157895,106,,,2.083333333,106,,,,106
,,,,,,,,,,,,,,,,,,
1197,5.99,11.515196662693683,14.401197604790418,,5.99,1197,,,11.51519666,1197,,,14.4011976,1197,,,,1197
,,,,,,,,,,,,,,,,,,
307,7.99,15.430260047281324,16.46,,7.99,307,,,15.43026005,307,,,16.46,307,,,,307
,,,,,,,,,,,,,,,,,,
263,14.99,4.776785714285714,3.4022988505747125,,14.99,263,,,4.776785714,263,,,3.402298851,263,,,,263
,,,,,,,,,,,,,,,,,,
286,19.99,5.090909090909091,0.3831417624521073,,19.99,286,,,5.090909091,286,,,0.383141762,286,,,,286
,,,,,,,,,,,,,,,,,,
729,24.99,2.275796178343949,2.0185185185185186,,24.99,729,,,2.275796178,729,,,2.018518519,729,,,,729
,,,,,,,,,,,,,,,,,,
280,14.99,13.543904518329072,10.628352490421456,,14.99,280,,,13.54390452,280,,,10.62835249,280,,,,280
,,,,,,,,,,,,,,,,,,
459,14.99,3.252577319587629,0.41841004184100417,,14.99,459,,,3.25257732,459,,,0.418410042,459,,,,459
,,,,,,,,,,,,,,,,,,
653,39.99,7.6670209938878555,5.992337164750958,,39.99,653,,,7.667020994,653,,,5.992337165,653,,,,653
,,,,,,,,,,,,,,,,,,
807,19.99,12.137102473498233,1.266355140186916,,19.99,807,,,12.13710247,807,,,1.26635514,807,,,,807
,,,,,,,,,,,,,,,,,,
124,7.99,5.314741035856573,0.6934865900383141,,7.99,124,,,5.314741036,124,,,0.69348659,124,,,,124
,,,,,,,,,,,,,,,,,,
372,29.99,5.307121661721069,13.42911877394636,,29.99,372,,,5.307121662,372,,,13.42911877,372,,,,372
,,,,,,,,,,,,,,,,,,
390,14.99,4.300420168067227,1.2796934865900382,,14.99,390,,,4.300420168,390,,,1.279693487,390,,,,390
,,,,,,,,,,,,,,,,,,
163,39.99,11.903948772678762,4.432950191570881,,39.99,163,,,11.90394877,163,,,4.432950192,163,,,,163
,,,,,,,,,,,,,,,,,,
299,24.99,2.464788732394366,0.089385475,,24.99,299,,,2.464788732,299,,,0.09,299,,,,299
,,,,,,,,,,,,,,,,,,
264,0,7.228684359119142,0.9578544061302682,,0,264,,,7.228684359,264,,,0.957854406,264,,,,264
,,,,,,,,,,,,,,,,,,
694,15.99,2.7114035087719297,1.9118773946360152,,15.99,694,,,2.711403509,694,,,1.911877395,694,,,,694
,,,,,,,,,,,,,,,,,,
282,19.99,5.514483251877459,11.153256704980842,,19.99,282,,,5.514483252,282,,,11.1532567,282,,,,282
,,,,,,,,,,,,,,,,,,
102,0,4.137566137566138,0.5154639175257731,,0,102,,,4.137566138,102,,,0.515463918,102,,,,102
,,,,,,,,,,,,,,,,,,
1870,29.99,4.629252233892459,15.285714285714286,,29.99,1870,,,4.629252234,1870,,,15.28571429,1870,,,,1870
,,,,,,,,,,,,,,,,,,
398,29.99,9.864441416893733,2.582375478927203,,29.99,398,,,9.864441417,398,,,2.582375479,398,,,,398
,,,,,,,,,,,,,,,,,,
191,12.99,11.885714285714286,1.7972972972972974,,12.99,191,,,11.88571429,191,,,1.797297297,191,,,,191
,,,,,,,,,,,,,,,,,,
123,34.99,4.641791044776119,0.7740585774058577,,34.99,123,,,4.641791045,123,,,0.774058577,123,,,,123
,,,,,,,,,,,,,,,,,,
248,59.99,3.050559629486685,0,,59.99,248,,,3.050559629,248,,,0.00,248,,,,248
,,,,,,,,,,,,,,,,,,
170,39.99,3.1438943894389437,1.8088235294117647,,39.99,170,,,3.143894389,170,,,1.808823529,170,,,,170
,,,,,,,,,,,,,,,,,,
315,29.99,18.30185185185185,1.2647058823529411,,29.99,315,,,18.30185185,315,,,1.264705882,315,,,,315
,,,,,,,,,,,,,,,,,,
110,29.99,13.879032258064516,0.5827338129496403,,29.99,110,,,13.87903226,110,,,0.582733813,110,,,,110
,,,,,,,,,,,,,,,,,,
131,0,1.731092437,0.16483516483516483,,0,131,,,1.731092437,131,,,0.164835165,131,,,,131
,,,,,,,,,,,,,,,,,,
560,24.99,8.848148148148148,7.361963190184049,,24.99,560,,,8.848148148,560,,,7.36196319,560,,,,560
,,,,,,,,,,,,,,,,,,
404,19.99,18.64864864864865,0.41379310344827586,,19.99,404,,,18.64864865,404,,,0.413793103,404,,,,404
,,,,,,,,,,,,,,,,,,
116,19.99,6.108146067,6.773946360153257,,19.99,116,,,6.108146067,116,,,6.77394636,116,,,,116
,,,,,,,,,,,,,,,,,,
257,0,16.26909090909091,9.885057471264368,,0,257,,,16.26909091,257,,,9.885057471,257,,,,257
,,,,,,,,,,,,,,,,,,
479,19.99,9.095622609434765,8.417624521072797,,19.99,479,,,9.095622609,479,,,8.417624521,479,,,,479
,,,,,,,,,,,,,,,,,,
276,24.99,10.885271317829458,18,,24.99,276,,,10.88527132,276,,,18.00,276,,,,276
,,,,,,,,,,,,,,,,,,
167,19.99,14.373382624768947,23.2,,19.99,167,,,14.37338262,167,,,23.20,167,,,,167
,,,,,,,,,,,,,,,,,,
170,9.99,7.404350607805502,0.025157232704402517,,9.99,170,,,7.404350608,170,,,0.025157233,170,,,,170
,,,,,,,,,,,,,,,,,,
115,15.99,15.247920133111482,1.1226053639846743,,15.99,115,,,15.24792013,115,,,1.122605364,115,,,,115
,,,,,,,,,,,,,,,,,,
702,11.99,5.817382439148719,7.316602316602316,,11.99,702,,,5.817382439,702,,,7.316602317,702,,,,702
,,,,,,,,,,,,,,,,,,
283,5.99,5.6999132697311365,20.425531914893618,,5.99,283,,,5.69991327,283,,,20.42553191,283,,,,283
,,,,,,,,,,,,,,,,,,
145,9.99,10.151960784313726,13.53061224489796,,9.99,145,,,10.15196078,145,,,13.53061224,145,,,,145
,,,,,,,,,,,,,,,,,,
1141,59.99,12.530923694779116,3.578544061302682,,59.99,1141,,,12.53092369,1141,,,3.578544061,1141,,,,1141
,,,,,,,,,,,,,,,,,,
492,19.99,11.256341789052069,0.42911877394636017,,19.99,492,,,11.25634179,492,,,0.429118774,492,,,,492
,,,,,,,,,,,,,,,,,,
309,27.99,7.781395349,0.8181818181818182,,27.99,309,,,7.781395349,309,,,0.818181818,309,,,,309
,,,,,,,,,,,,,,,,,,
518,0,6.313486370157819,0.8333333333333334,,0,518,,,6.31348637,518,,,0.833333333,518,,,,518
,,,,,,,,,,,,,,,,,,
159,0,4.6481876332622605,0.3831417624521073,,0,159,,,4.648187633,159,,,0.383141762,159,,,,159
,,,,,,,,,,,,,,,,,,
169,19.99,12.365217391304348,15.839080459770114,,19.99,169,,,12.36521739,169,,,15.83908046,169,,,,169
,,,,,,,,,,,,,,,,,,
112,19.99,14.395150720838794,1.5,,19.99,112,,,14.39515072,112,,,1.50,112,,,,112
,,,,,,,,,,,,,,,,,,
134,4.99,15.217391304347826,0.9915966386554622,,4.99,134,,,15.2173913,134,,,0.991596639,134,,,,134
,,,,,,,,,,,,,,,,,,
1017,0,2.4598157335223245,13.431693989071038,,0,1017,,,2.459815734,1017,,,13.43169399,1017,,,,1017
,,,,,,,,,,,,,,,,,,
126,29.99,5.869747899159663,3.620155039,,29.99,126,,,5.869747899,126,,,3.62,126,,,,126
,,,,,,,,,,,,,,,,,,
132,0,4.677215189873418,0.5823754789272031,,0,132,,,4.67721519,132,,,0.582375479,132,,,,132
,,,,,,,,,,,,,,,,,,
125,0,5.379248658318426,3.509433962264151,,0,125,,,5.379248658,125,,,3.509433962,125,,,,125
,,,,,,,,,,,,,,,,,,
125,5.99,18.417630057803468,8.272030651340996,,5.99,125,,,18.41763006,125,,,8.272030651,125,,,,125
,,,,,,,,,,,,,,,,,,
152,29.99,18.12,3.3295019157088124,,29.99,152,,,18.12,152,,,3.329501916,152,,,,152
,,,,,,,,,,,,,,,,,,
162,19.99,3.468544038346315,20.04316547,,19.99,162,,,3.468544038,162,,,20.04,162,,,,162
,,,,,,,,,,,,,,,,,,
177,19.99,9.678961749,2.210727969348659,,19.99,177,,,9.678961749,177,,,2.210727969,177,,,,177
,,,,,,,,,,,,,,,,,,
1302,0,6.493273542600897,4,,0,1302,,,6.493273543,1302,,,4.00,1302,,,,1302
,,,,,,,,,,,,,,,,,,
148,0,2.036908077994429,3.6493506493506493,,0,148,,,2.036908078,148,,,3.649350649,148,,,,148
,,,,,,,,,,,,,,,,,,
386,34.99,3.4033237456056247,5.35625,,34.99,386,,,3.403323746,386,,,5.36,386,,,,386
,,,,,,,,,,,,,,,,,,
194,34.99,1.1911328588374852,1.3946360153256705,,34.99,194,,,1.191132859,194,,,1.394636015,194,,,,194
,,,,,,,,,,,,,,,,,,
210,19.99,4.161587526576896,4.465346534653466,,19.99,210,,,4.161587527,210,,,4.465346535,210,,,,210
,,,,,,,,,,,,,,,,,,
351,15.99,19.300574712643677,3.9770114942528734,,15.99,351,,,19.30057471,351,,,3.977011494,351,,,,351
,,,,,,,,,,,,,,,,,,
193,19.99,4.746177370030581,3.9642857142857144,,19.99,193,,,4.74617737,193,,,3.964285714,193,,,,193
,,,,,,,,,,,,,,,,,,
121,0,0.8673469387755102,1.5670498084291187,,0,121,,,0.867346939,121,,,1.567049808,121,,,,121
,,,,,,,,,,,,,,,,,,
160,0,2.9190031152647977,0.6134969325153374,,0,160,,,2.919003115,160,,,0.613496933,160,,,,160
,,,,,,,,,,,,,,,,,,
340,10.99,16.965,0,,10.99,340,,,16.965,340,,,0.00,340,,,,340
,,,,,,,,,,,,,,,,,,
426,0,27.676117459858236,18.386973180076627,,0,426,,,27.67611746,426,,,18.38697318,426,,,,426
,,,,,,,,,,,,,,,,,,
812,0.99,19.82,29.149253731343283,,0.99,812,,,19.82,812,,,29.14925373,812,,,,812
,,,,,,,,,,,,,,,,,,
932,14.99,22.73609859,15,,14.99,932,,,22.73609859,932,,,15.00,932,,,,932
,,,,,,,,,,,,,,,,,,
221,29.99,17.155038759689923,8.114942528735632,,29.99,221,,,17.15503876,221,,,8.114942529,221,,,,221
,,,,,,,,,,,,,,,,,,
151,39.99,22.48917748917749,9.253846153846155,,39.99,151,,,22.48917749,151,,,9.253846154,151,,,,151
,,,,,,,,,,,,,,,,,,
1711,9.99,15.515099223468507,0.8659003831417624,,9.99,1711,,,15.51509922,1711,,,0.865900383,1711,,,,1711
,,,,,,,,,,,,,,,,,,
304,19.99,6.509202454,0.5235602094240838,,19.99,304,,,6.509202454,304,,,0.523560209,304,,,,304
,,,,,,,,,,,,,,,,,,
258,6.99,24.714285714285715,1.5,,6.99,258,,,24.71428571,258,,,1.50,258,,,,258
,,,,,,,,,,,,,,,,,,
205,0,3.6235632183908044,2.5531914893617023,,0,205,,,3.623563218,205,,,2.553191489,205,,,,205
,,,,,,,,,,,,,,,,,,
496,7.99,2.306341463414634,0.39080459770114945,,7.99,496,,,2.306341463,496,,,0.390804598,496,,,,496
,,,,,,,,,,,,,,,,,,
597,19.99,4.519814719505919,4.388888888888889,,19.99,597,,,4.51981472,597,,,4.388888889,597,,,,597
,,,,,,,,,,,,,,,,,,
220,4.99,2.3448275862068964,1.8544061302681993,,4.99,220,,,2.344827586,220,,,1.85440613,220,,,,220
,,,,,,,,,,,,,,,,,,
519,24.99,23.695616883116884,6.198924731182796,,24.99,519,,,23.69561688,519,,,6.198924731,519,,,,519
,,,,,,,,,,,,,,,,,,
641,19.99,3.5106382978723403,2.119047619047619,,19.99,641,,,3.510638298,641,,,2.119047619,641,,,,641
,,,,,,,,,,,,,,,,,,
169,3.99,5.242236025,2.8085106382978724,,3.99,169,,,5.242236025,169,,,2.808510638,169,,,,169
,,,,,,,,,,,,,,,,,,
1299,34.99,5.815133276010318,8.368686868686869,,34.99,1299,,,5.815133276,1299,,,8.368686869,1299,,,,1299
,,,,,,,,,,,,,,,,,,
808,19.99,2.241095890410959,2.9693486590038316,,19.99,808,,,2.24109589,808,,,2.969348659,808,,,,808
,,,,,,,,,,,,,,,,,,
2092,27.99,6.078260869565217,7.180076628352491,,27.99,2092,,,6.07826087,2092,,,7.180076628,2092,,,,2092
,,,,,,,,,,,,,,,,,,
1237,19.99,18.4625,3.1226053639846745,,19.99,1237,,,18.4625,1237,,,3.122605364,1237,,,,1237
,,,,,,,,,,,,,,,,,,
610,0,3.8392754306057273,22.103448275862068,,0,610,,,3.839275431,610,,,22.10344828,610,,,,610
,,,,,,,,,,,,,,,,,,
280,16.99,7.624852071005917,0.4674329501915709,,16.99,280,,,7.624852071,280,,,0.46743295,280,,,,280
,,,,,,,,,,,,,,,,,,
156,0,15.19626168224299,0.7739463601532567,,0,156,,,15.19626168,156,,,0.77394636,156,,,,156
,,,,,,,,,,,,,,,,,,
245,35.99,6.410144927536232,8.496503496503497,,35.99,245,,,6.410144928,245,,,8.496503497,245,,,,245
,,,,,,,,,,,,,,,,,,
656,24.99,8,8.666666666666666,,24.99,656,,,8,656,,,8.666666667,656,,,,656
,,,,,,,,,,,,,,,,,,
172,8.99,3.13474839,0.4444444444444444,,8.99,172,,,3.13474839,172,,,0.444444444,172,,,,172
,,,,,,,,,,,,,,,,,,
119,29.99,8.852941176470589,1.1915708812260537,,29.99,119,,,8.852941176,119,,,1.191570881,119,,,,119
,,,,,,,,,,,,,,,,,,
204,19.99,11.654571159283694,3.1915708812260535,,19.99,204,,,11.65457116,204,,,3.191570881,204,,,,204
,,,,,,,,,,,,,,,,,,
107,14.99,8,0.7088122605363985,,14.99,107,,,8,107,,,0.708812261,107,,,,107
,,,,,,,,,,,,,,,,,,
465,29.99,2.513767019667171,1.7126436781609196,,29.99,465,,,2.51376702,465,,,1.712643678,465,,,,465
,,,,,,,,,,,,,,,,,,
925,59.99,2.4384831277331767,5.934865900383142,,59.99,925,,,2.438483128,925,,,5.9348659,925,,,,925
,,,,,,,,,,,,,,,,,,
902,0,1.2778761061946902,2.7586206896551726,,0,902,,,1.277876106,902,,,2.75862069,902,,,,902
,,,,,,,,,,,,,,,,,,
254,19.99,6.3808049535603715,4,,19.99,254,,,6.380804954,254,,,4.00,254,,,,254
,,,,,,,,,,,,,,,,,,
936,0,4.552238805970149,0.3831417624521073,,0,936,,,4.552238806,936,,,0.383141762,936,,,,936
,,,,,,,,,,,,,,,,,,
352,18.74,2.926373794581356,5.147368421052631,,18.74,352,,,2.926373795,352,,,5.147368421,352,,,,352
,,,,,,,,,,,,,,,,,,
944,59.99,10.130841121495328,6.6923076923076925,,59.99,944,,,10.13084112,944,,,6.692307692,944,,,,944
,,,,,,,,,,,,,,,,,,
212,19.99,5.978378378378379,0.6172839506172839,,19.99,212,,,5.978378378,212,,,0.617283951,212,,,,212
,,,,,,,,,,,,,,,,,,
1588,4.79,7.864516129032258,14.80451127819549,,4.79,1588,,,7.864516129,1588,,,14.80451128,1588,,,,1588
,,,,,,,,,,,,,,,,,,
332,5.49,8.224588577,8.333333333333334,,5.49,332,,,8.224588577,332,,,8.333333333,332,,,,332
,,,,,,,,,,,,,,,,,,
199,39.99,11.254545454545454,1.896551724137931,,39.99,199,,,11.25454545,199,,,1.896551724,199,,,,199
,,,,,,,,,,,,,,,,,,
474,19.99,20.431750741839764,26.482758620689655,,19.99,474,,,20.43175074,474,,,26.48275862,474,,,,474
,,,,,,,,,,,,,,,,,,
251,19.99,12.90183184593706,16.74712643678161,,19.99,251,,,12.90183185,251,,,16.74712644,251,,,,251
